	total_retweets	total_followers	total_following	posts_count	total_posts	total_likes_mean	total_likes_median	total_replies_median	total_retweets_median	total_retweets_mean	id	total_replies	total_likes	name	total_replies_mean
username	[1, 82, 4, 7, 36, 1, 9, 237, 6, 19, 1, 9, 30, 56, 5, 127, 23, 2, 31, 5, 178, 7, 2, 4, 9, 14, 43, 4, 3, 7]	1414923	412	30	51637	179.1	75.5	13.5	8.0	32.06666666666667	29913589	[10, 217, 2, 12, 15, 1, 19, 91, 1, 5, 33, 9, 19, 39, 5, 20, 223, 0, 22, 1, 123, 30, 0, 29, 10, 9, 18, 180, 0, 4]	[23, 699, 14, 45, 321, 30, 78, 1032, 27, 45, 27, 28, 74, 346, 17, 606, 129, 5, 222, 19, 709, 91, 27, 77, 98, 48, 295, 132, 18, 91]	Revista ISTOÉ	38.233333333333334
